False_Positive_Rate,True_Positive_Rate,Threshold
0.0,0.0,inf
0.0,0.00267379679144385,0.8539980067607296
0.0,0.008021390374331552,0.8286697658641088
0.001932367149758454,0.008021390374331552,0.8238556266502054
0.001932367149758454,0.0106951871657754,0.8184474872905954
0.002898550724637681,0.0106951871657754,0.8178075238356507
0.002898550724637681,0.03208556149732621,0.7942459359021657
0.003864734299516908,0.03208556149732621,0.7895917837889422
0.003864734299516908,0.034759358288770054,0.7870512369375966
0.005797101449275362,0.034759358288770054,0.7862913054849835
0.005797101449275362,0.0427807486631016,0.7751775501106385
0.00676328502415459,0.0427807486631016,0.774498689079404
0.00676328502415459,0.05080213903743316,0.7715852178747304
0.007729468599033816,0.05080213903743316,0.7714781364547576
0.007729468599033816,0.06684491978609626,0.7565682676975096
0.008695652173913044,0.06684491978609626,0.7559822994740285
0.008695652173913044,0.06951871657754011,0.7532385799716551
0.00966183574879227,0.06951871657754011,0.7514739038706437
0.00966183574879227,0.07219251336898395,0.7502277693814378
0.010628019323671498,0.07219251336898395,0.7477249234261253
0.010628019323671498,0.07754010695187166,0.745763512155388
0.011594202898550725,0.07754010695187166,0.7457154727120475
0.011594202898550725,0.10427807486631016,0.7352484356604513
0.012560386473429951,0.10427807486631016,0.7337324175164059
0.012560386473429951,0.10695187165775401,0.7334739825422099
0.014492753623188406,0.10695187165775401,0.7330514780185141
0.014492753623188406,0.12566844919786097,0.730712316715416
0.015458937198067632,0.12566844919786097,0.7303707234879084
0.015458937198067632,0.1497326203208556,0.7229209773821046
0.01642512077294686,0.1497326203208556,0.7224445445821349
0.01642512077294686,0.15240641711229946,0.7194590300476384
0.017391304347826087,0.15240641711229946,0.7176730181513205
0.017391304347826087,0.15508021390374332,0.7164085171999998
0.018357487922705314,0.15508021390374332,0.7152633688817428
0.018357487922705314,0.16844919786096257,0.7112667909247219
0.01932367149758454,0.1711229946524064,0.7086965577934383
0.020289855072463767,0.1711229946524064,0.7076167698695642
0.020289855072463767,0.17379679144385027,0.7051800589802325
0.021256038647342997,0.17379679144385027,0.7043615000336194
0.021256038647342997,0.17914438502673796,0.7021823130053861
0.022222222222222223,0.17914438502673796,0.7010767344740181
0.022222222222222223,0.18181818181818182,0.7003692395724811
0.02318840579710145,0.18181818181818182,0.6991070717901847
0.02318840579710145,0.18983957219251338,0.6977096983406312
0.024154589371980676,0.18983957219251338,0.6960321680111456
0.024154589371980676,0.21122994652406418,0.6929739536170182
0.025120772946859903,0.21122994652406418,0.691673076816673
0.025120772946859903,0.21390374331550802,0.6915883000965938
0.02705314009661836,0.21390374331550802,0.691032351695523
0.02705314009661836,0.21657754010695188,0.6907136757730861
0.028985507246376812,0.21657754010695188,0.6897138903627918
0.028985507246376812,0.22192513368983957,0.6871386401902957
0.02995169082125604,0.22192513368983957,0.6844925788025656
0.02995169082125604,0.22727272727272727,0.68296628483955
0.030917874396135265,0.22727272727272727,0.6822806107746928
0.030917874396135265,0.24064171122994651,0.6798933494754569
0.03188405797101449,0.24064171122994651,0.6785741418702811
0.03188405797101449,0.24598930481283424,0.6765693504754425
0.033816425120772944,0.24598930481283424,0.6754268621367515
0.033816425120772944,0.24866310160427807,0.6746761544391022
0.034782608695652174,0.24866310160427807,0.6740346535395995
0.034782608695652174,0.25133689839572193,0.6709000634074198
0.035748792270531404,0.25133689839572193,0.6696973409939554
0.035748792270531404,0.28609625668449196,0.6579432657985869
0.03671497584541063,0.28609625668449196,0.6572652378782969
0.03671497584541063,0.29411764705882354,0.6560172384209676
0.03768115942028986,0.29411764705882354,0.6528830083407694
0.03768115942028986,0.3048128342245989,0.6480650194842491
0.03864734299516908,0.3048128342245989,0.6472666085100014
0.03864734299516908,0.32887700534759357,0.637576155031822
0.04057971014492753,0.32887700534759357,0.637015618616562
0.04057971014492753,0.3342245989304813,0.6354802837973035
0.04154589371980676,0.3342245989304813,0.6350612648058905
0.04154589371980676,0.34759358288770054,0.6289211488582178
0.04251207729468599,0.34759358288770054,0.6286928363808666
0.04251207729468599,0.3502673796791444,0.6283747781854027
0.04541062801932367,0.3502673796791444,0.6279751618824873
0.04541062801932367,0.35294117647058826,0.6267168665538578
0.0463768115942029,0.35294117647058826,0.6250180937147882
0.0463768115942029,0.35561497326203206,0.6239229993404378
0.04734299516908213,0.35561497326203206,0.6234448716791051
0.04734299516908213,0.3582887700534759,0.6225736781994453
0.04830917874396135,0.3582887700534759,0.6223464889941455
0.04830917874396135,0.36363636363636365,0.6210849433028481
0.04927536231884058,0.36363636363636365,0.6199379240004642
0.04927536231884058,0.3663101604278075,0.619781395377761
0.05314009661835749,0.3663101604278075,0.6119681085077181
0.05314009661835749,0.38235294117647056,0.6074173323477718
0.05410628019323672,0.38235294117647056,0.60586359611482
0.05410628019323672,0.39037433155080214,0.6037513056932597
0.05507246376811594,0.39037433155080214,0.6035103112015178
0.05507246376811594,0.393048128342246,0.603195901734585
0.05603864734299517,0.393048128342246,0.6031264627864515
0.05603864734299517,0.3983957219251337,0.602013580051812
0.057004830917874394,0.3983957219251337,0.6018138108751987
0.057004830917874394,0.4037433155080214,0.5983788156450294
0.05893719806763285,0.4037433155080214,0.5963639646567028
0.05893719806763285,0.40641711229946526,0.5954824071227784
0.06086956521739131,0.40641711229946526,0.5938068415665327
0.06086956521739131,0.4117647058823529,0.5908710729163942
0.06183574879227053,0.4117647058823529,0.5908548257549856
0.06183574879227053,0.4144385026737968,0.59059373555167
0.06376811594202898,0.4144385026737968,0.589533057132392
0.06376811594202898,0.42513368983957217,0.5868174645987201
0.06763285024154589,0.42513368983957217,0.583791941147743
0.06763285024154589,0.4304812834224599,0.5808358413590349
0.06956521739130435,0.4304812834224599,0.5787366546092886
0.06956521739130435,0.43315508021390375,0.5785213222295612
0.07053140096618357,0.43315508021390375,0.5772752475316532
0.07053140096618357,0.4411764705882353,0.5722793677863263
0.07342995169082125,0.4411764705882353,0.5690213440368815
0.07342995169082125,0.45454545454545453,0.5648485367626361
0.07439613526570048,0.45454545454545453,0.5646347220053523
0.07439613526570048,0.4572192513368984,0.5639897616624221
0.0782608695652174,0.4572192513368984,0.5580762275554136
0.0782608695652174,0.45989304812834225,0.5577094577301384
0.07922705314009662,0.45989304812834225,0.5576227313147322
0.07922705314009662,0.4625668449197861,0.5575093953585141
0.08019323671497584,0.4625668449197861,0.554977465622042
0.08019323671497584,0.4679144385026738,0.5530128621926037
0.0821256038647343,0.4679144385026738,0.5500168831776288
0.0821256038647343,0.47058823529411764,0.5487055103027906
0.08502415458937199,0.47058823529411764,0.5454580064111907
0.08502415458937199,0.4732620320855615,0.5449934320709137
0.08695652173913043,0.4732620320855615,0.5441868654407915
0.08695652173913043,0.48128342245989303,0.5408807590437555
0.08792270531400966,0.48128342245989303,0.5404338183406656
0.08792270531400966,0.4839572192513369,0.5392318782902958
0.08888888888888889,0.4839572192513369,0.5381942953541843
0.08888888888888889,0.48663101604278075,0.5376996265483376
0.09082125603864734,0.48663101604278075,0.5360343455168608
0.09082125603864734,0.4893048128342246,0.5357167777633179
0.09178743961352658,0.4893048128342246,0.535641203430108
0.09178743961352658,0.4919786096256685,0.5347297681311931
0.0927536231884058,0.4919786096256685,0.5334493848355193
0.0927536231884058,0.49732620320855614,0.5294275525378366
0.09468599033816426,0.49732620320855614,0.5286351509269994
0.09468599033816426,0.5213903743315508,0.5213012737179652
0.09758454106280193,0.5213903743315508,0.5199090092744897
0.09758454106280193,0.5240641711229946,0.5179361718286353
0.09855072463768116,0.5240641711229946,0.5174036005151605
0.09855072463768116,0.5374331550802139,0.510816836877501
0.09951690821256039,0.5374331550802139,0.5098315407837214
0.09951690821256039,0.5401069518716578,0.5096660776555626
0.10048309178743961,0.5401069518716578,0.508595687506853
0.10048309178743961,0.5454545454545454,0.5080341929649569
0.10144927536231885,0.5454545454545454,0.5079057280255402
0.10144927536231885,0.5481283422459893,0.5071499852263313
0.10434782608695652,0.5481283422459893,0.5055448111500087
0.10434782608695652,0.5588235294117647,0.5007136164617481
0.11014492753623188,0.5588235294117647,0.4972418314674201
0.11014492753623188,0.5614973262032086,0.4971259755063169
0.1111111111111111,0.5614973262032086,0.4965025322553768
0.1111111111111111,0.5641711229946524,0.494831938897363
0.11497584541062802,0.5641711229946524,0.49283992270056187
0.11497584541062802,0.5668449197860963,0.4928038167859998
0.11594202898550725,0.5668449197860963,0.49199133189414684
0.11594202898550725,0.56951871657754,0.49174381271476536
0.11690821256038647,0.56951871657754,0.49128965538875113
0.11690821256038647,0.5748663101604278,0.4895073934979065
0.12367149758454106,0.5748663101604278,0.4837435836609742
0.12367149758454106,0.5802139037433155,0.4825710881669986
0.1246376811594203,0.5802139037433155,0.48118496025588847
0.1246376811594203,0.5855614973262032,0.48007999368889565
0.12657004830917876,0.5855614973262032,0.4772032277792993
0.12657004830917876,0.5909090909090909,0.47678177302284686
0.1285024154589372,0.5909090909090909,0.4761504887727268
0.1285024154589372,0.5935828877005348,0.4760974072274798
0.13333333333333333,0.5935828877005348,0.47099519757123925
0.13333333333333333,0.5962566844919787,0.47035242241877057
0.13816425120772946,0.5962566844919787,0.46452821942718864
0.13816425120772946,0.6016042780748663,0.4640801226805186
0.14202898550724638,0.6016042780748663,0.4600770481142926
0.14202898550724638,0.6096256684491979,0.4581200724133376
0.14492753623188406,0.6096256684491979,0.4537871458893476
0.14492753623188406,0.6122994652406417,0.4534546559977921
0.15458937198067632,0.6122994652406417,0.4459672319466711
0.15458937198067632,0.6149732620320856,0.4453443919076039
0.15942028985507245,0.6149732620320856,0.4425901157383408
0.15942028985507245,0.6203208556149733,0.44086462995360615
0.16135265700483092,0.6203208556149733,0.4400431841514978
0.16135265700483092,0.6229946524064172,0.4399335102955903
0.16231884057971013,0.6229946524064172,0.43948702057041894
0.16231884057971013,0.6256684491978609,0.43788632499312885
0.16328502415458937,0.6256684491978609,0.4376506479078635
0.16328502415458937,0.6283422459893048,0.4325897472000907
0.1642512077294686,0.6283422459893048,0.4322012893362319
0.1642512077294686,0.6336898395721925,0.4316561763045394
0.16521739130434782,0.6336898395721925,0.4312768167529238
0.16521739130434782,0.6363636363636364,0.4304688454306234
0.1671497584541063,0.6363636363636364,0.4291820109769639
0.1671497584541063,0.6390374331550802,0.4288161392824087
0.1681159420289855,0.6390374331550802,0.4275219251702966
0.1681159420289855,0.6417112299465241,0.42600493996389777
0.16908212560386474,0.6417112299465241,0.4243926278960438
0.16908212560386474,0.6443850267379679,0.4242878198819362
0.17391304347826086,0.6443850267379679,0.4209109633280268
0.17391304347826086,0.6470588235294118,0.42062339345614214
0.1758454106280193,0.6470588235294118,0.420405306138103
0.1758454106280193,0.6497326203208557,0.42005692675623846
0.17681159420289855,0.6497326203208557,0.4194276438122756
0.17681159420289855,0.6524064171122995,0.41689973967121374
0.178743961352657,0.6524064171122995,0.41479809994092726
0.178743961352657,0.6550802139037433,0.41395353491957143
0.1855072463768116,0.6550802139037433,0.4081102101609375
0.1855072463768116,0.6631016042780749,0.40054497769156644
0.18743961352657004,0.6631016042780749,0.3985808692169827
0.18743961352657004,0.6737967914438503,0.39345869368900355
0.19033816425120773,0.6737967914438503,0.38837005459788415
0.19033816425120773,0.679144385026738,0.3871671969372441
0.19420289855072465,0.679144385026738,0.38515282802873874
0.19420289855072465,0.6844919786096256,0.3850435142777947
0.19516908212560385,0.6844919786096256,0.3821917860406104
0.19516908212560385,0.6898395721925134,0.38125304930488385
0.19710144927536233,0.6898395721925134,0.380446519807252
0.19710144927536233,0.6951871657754011,0.3776413143951929
0.2,0.6951871657754011,0.37074447985637726
0.2,0.6978609625668449,0.36987867978111205
0.20193236714975846,0.6978609625668449,0.3687692803767772
0.20193236714975846,0.7005347593582888,0.36822818461847806
0.20579710144927535,0.7005347593582888,0.3639143532025819
0.20579710144927535,0.7058823529411765,0.3605495678746963
0.20966183574879227,0.7058823529411765,0.35627044447124173
0.20966183574879227,0.7085561497326203,0.35449675400090713
0.21256038647342995,0.7085561497326203,0.35300878385486845
0.21256038647342995,0.7112299465240641,0.35128648650122396
0.21642512077294687,0.7112299465240641,0.34468483325168003
0.21642512077294687,0.713903743315508,0.34340574977905275
0.2222222222222222,0.713903743315508,0.33630160691699457
0.2222222222222222,0.7165775401069518,0.33614188298415265
0.22318840579710145,0.7165775401069518,0.3359724744076906
0.22318840579710145,0.7245989304812834,0.329549081725924
0.23671497584541062,0.7245989304812834,0.3168256579519745
0.23671497584541062,0.7272727272727273,0.3160295069674204
0.23768115942028986,0.7272727272727273,0.3158232670804975
0.23768115942028986,0.7299465240641712,0.315677344143152
0.2396135265700483,0.7299465240641712,0.3152152564856617
0.2396135265700483,0.7352941176470589,0.31415939495172834
0.24154589371980675,0.7352941176470589,0.31308452795040015
0.24154589371980675,0.7406417112299465,0.31237576282212637
0.2463768115942029,0.7406417112299465,0.3086996639799963
0.2463768115942029,0.7433155080213903,0.3084440083966394
0.24734299516908212,0.7433155080213903,0.308302579625902
0.24734299516908212,0.7459893048128342,0.3064701514161026
0.24830917874396136,0.7459893048128342,0.3063342618048513
0.24830917874396136,0.7486631016042781,0.3058576962699968
0.25217391304347825,0.7486631016042781,0.3019362482831468
0.25217391304347825,0.7513368983957219,0.3007720709588648
0.2570048309178744,0.7513368983957219,0.29614050613124826
0.2570048309178744,0.7566844919786097,0.29581087599546135
0.2599033816425121,0.7566844919786097,0.29488208638375285
0.2599033816425121,0.7593582887700535,0.29475901838067514
0.2608695652173913,0.7593582887700535,0.2928383622732378
0.2608695652173913,0.7620320855614974,0.2895705188380467
0.2618357487922705,0.7620320855614974,0.2886965194008742
0.2618357487922705,0.7647058823529411,0.288586737897312
0.26280193236714977,0.7647058823529411,0.28809815187215565
0.26280193236714977,0.7754010695187166,0.27938814278939206
0.2647342995169082,0.7754010695187166,0.27817600469824394
0.2647342995169082,0.7780748663101604,0.27601594368578364
0.2714975845410628,0.7780748663101604,0.27022485755745074
0.2714975845410628,0.7807486631016043,0.26910546638608984
0.27246376811594203,0.7807486631016043,0.26797810268457767
0.27246376811594203,0.7914438502673797,0.2663094154093571
0.2772946859903382,0.7914438502673797,0.26345954189330606
0.2772946859903382,0.7941176470588235,0.2634261141515124
0.28599033816425123,0.7941176470588235,0.25950377332585844
0.28599033816425123,0.7967914438502673,0.2588635541332322
0.28792270531400965,0.7967914438502673,0.25815693156890007
0.28792270531400965,0.7994652406417112,0.2575235353511423
0.293719806763285,0.7994652406417112,0.25478938619852876
0.293719806763285,0.8101604278074866,0.25291653955392973
0.2946859903381642,0.8101604278074866,0.2513084798789164
0.2946859903381642,0.8128342245989305,0.2510146931304846
0.3004830917874396,0.8128342245989305,0.2453836292722685
0.3004830917874396,0.8181818181818182,0.24443717364286763
0.30241545893719807,0.8181818181818182,0.24412355594335602
0.30241545893719807,0.820855614973262,0.24379792120105795
0.30434782608695654,0.820855614973262,0.24350094371248238
0.30434782608695654,0.8262032085561497,0.24223091237341615
0.30917874396135264,0.8262032085561497,0.24017452915331586
0.30917874396135264,0.8288770053475936,0.23945040616767796
0.3159420289855073,0.8288770053475936,0.23066507345238055
0.3159420289855073,0.8368983957219251,0.2263668848131332
0.32367149758454106,0.8368983957219251,0.22009330438018748
0.32367149758454106,0.839572192513369,0.21976013870339073
0.32463768115942027,0.839572192513369,0.21957904325264935
0.32463768115942027,0.8422459893048129,0.21932977277619548
0.32753623188405795,0.8422459893048129,0.21700649044875722
0.32753623188405795,0.8449197860962567,0.2166982480621803
0.3314009661835749,0.8449197860962567,0.21589531098664622
0.3314009661835749,0.8475935828877005,0.21536187437210413
0.3497584541062802,0.8475935828877005,0.20630218418848814
0.3497584541062802,0.8502673796791443,0.20610995794239448
0.3526570048309179,0.8502673796791443,0.2048094369422762
0.3526570048309179,0.8529411764705882,0.2047369856525994
0.3545893719806763,0.8529411764705882,0.20433508376944048
0.3545893719806763,0.8582887700534759,0.20338824044561662
0.35555555555555557,0.8582887700534759,0.20306002490179412
0.35555555555555557,0.8609625668449198,0.20164633779624033
0.357487922705314,0.8609625668449198,0.19920818783302868
0.35845410628019325,0.8636363636363636,0.19795890638279007
0.35845410628019325,0.8663101604278075,0.19743629735551466
0.3642512077294686,0.8663101604278075,0.19371674081027912
0.3642512077294686,0.8689839572192514,0.1927796224445422
0.3690821256038647,0.8689839572192514,0.191220277608503
0.3690821256038647,0.8716577540106952,0.19118801023376766
0.3739130434782609,0.8716577540106952,0.1886735115211622
0.3739130434782609,0.8770053475935828,0.18757534794303443
0.37971014492753624,0.8770053475935828,0.18301417359452274
0.37971014492753624,0.8823529411764706,0.18240571424485574
0.38067632850241545,0.8823529411764706,0.18065135651008793
0.38067632850241545,0.8877005347593583,0.17996605144607064
0.38164251207729466,0.8877005347593583,0.17965866839696373
0.38164251207729466,0.893048128342246,0.17861775919891676
0.38357487922705313,0.893048128342246,0.17795478944764323
0.38357487922705313,0.8957219251336899,0.17792883218379896
0.3922705314009662,0.8957219251336899,0.17581647321523983
0.3922705314009662,0.8983957219251337,0.17560087746679534
0.4,0.8983957219251337,0.16711240460871912
0.4,0.9010695187165776,0.16703123720000582
0.40869565217391307,0.9010695187165776,0.1605965670633197
0.40869565217391307,0.9037433155080213,0.15948142892515693
0.4106280193236715,0.9037433155080213,0.1588288429118197
0.4106280193236715,0.9064171122994652,0.15682590777925542
0.41352657004830917,0.9064171122994652,0.15624047654190065
0.41352657004830917,0.9090909090909091,0.15568790192410512
0.41739130434782606,0.9090909090909091,0.15293181772742076
0.41739130434782606,0.9171122994652406,0.1521682518908818
0.42318840579710143,0.9171122994652406,0.14647990008315925
0.42318840579710143,0.9197860962566845,0.14514528126612572
0.4270531400966184,0.9197860962566845,0.1426566246050435
0.4270531400966184,0.9224598930481284,0.1423304822579896
0.43768115942028984,0.9224598930481284,0.13773273363249397
0.43768115942028984,0.9251336898395722,0.13671451180552702
0.45410628019323673,0.9251336898395722,0.12692915283558406
0.45410628019323673,0.9278074866310161,0.12649335331369385
0.45507246376811594,0.9278074866310161,0.12444085895135296
0.45507246376811594,0.93048128342246,0.12392132295765457
0.4628019323671498,0.93048128342246,0.1205761406230656
0.4628019323671498,0.9331550802139037,0.11948648050639747
0.485024154589372,0.9331550802139037,0.1096265644642069
0.485024154589372,0.9358288770053476,0.10949161806751118
0.4859903381642512,0.9358288770053476,0.10890752863677562
0.4859903381642512,0.9385026737967914,0.10857229429359155
0.49371980676328503,0.9385026737967914,0.10514484806537971
0.49371980676328503,0.9411764705882353,0.10195248687484568
0.4966183574879227,0.9411764705882353,0.10116887167925297
0.4966183574879227,0.9438502673796791,0.10059243808671271
0.4995169082125604,0.9438502673796791,0.10020776608219562
0.4995169082125604,0.946524064171123,0.10009192385106826
0.5024154589371981,0.946524064171123,0.09895363316264416
0.5024154589371981,0.9491978609625669,0.09814734869027797
0.5033816425120773,0.9491978609625669,0.09778751072072897
0.5033816425120773,0.9518716577540107,0.09756391556930338
0.5101449275362319,0.9518716577540107,0.0941883438641425
0.5101449275362319,0.9545454545454546,0.0938589455615954
0.5294685990338164,0.9545454545454546,0.08655280708631936
0.5294685990338164,0.9572192513368984,0.08654463367550215
0.5314009661835749,0.9572192513368984,0.08567320596245971
0.5314009661835749,0.9598930481283422,0.08547575347604887
0.5362318840579711,0.9598930481283422,0.08394603550996109
0.5362318840579711,0.9652406417112299,0.083302942326133
0.5381642512077295,0.9652406417112299,0.08314557933882122
0.5381642512077295,0.9679144385026738,0.08294356594199462
0.5478260869565217,0.9679144385026738,0.08002441742110315
0.5478260869565217,0.9705882352941176,0.07901540484628908
0.5748792270531401,0.9705882352941176,0.07035922621411121
0.5748792270531401,0.9732620320855615,0.06991951518427666
0.578743961352657,0.9732620320855615,0.06912946682861025
0.578743961352657,0.9759358288770054,0.06840031864494155
0.6009661835748792,0.9759358288770054,0.06161517832839729
0.6009661835748792,0.9786096256684492,0.061518112883544904
0.6135265700483091,0.9786096256684492,0.05789787576392789
0.6135265700483091,0.9812834224598931,0.05742206191882365
0.621256038647343,0.9812834224598931,0.05534346377114691
0.621256038647343,0.983957219251337,0.05522037708114875
0.6260869565217392,0.983957219251337,0.05369621207850232
0.6260869565217392,0.9866310160427807,0.05352747241868734
0.6801932367149759,0.9866310160427807,0.0388916978267215
0.6801932367149759,0.9893048128342246,0.03884480792928574
0.7468599033816425,0.9893048128342246,0.02781574737000605
0.7468599033816425,0.9919786096256684,0.02781316117976322
0.7671497584541063,0.9919786096256684,0.02461639632006225
0.7671497584541063,0.9946524064171123,0.02445272247239444
0.8772946859903382,0.9946524064171123,0.008544727951765993
0.8772946859903382,0.9973262032085561,0.008501151963331786
0.9091787439613527,0.9973262032085561,0.0057179947317120405
0.9091787439613527,1.0,0.0057086149530841904
1.0,1.0,0.0015281072223812186
